folder,image,predicted_fuel_flow,predicted_diluent_flow,expected_fuel_flow,expected_diluent_flow
S5D1150,DSC_5110.JPG,1647.5365431849823,849.8991258652968,1150,500
S5D1150,DSC_5111.JPG,1616.3147963602169,879.6253561919839,1150,500
S5D1150,DSC_5112.JPG,1704.3997025538229,946.5555926023881,1150,500
S5D1150,DSC_5113.JPG,1520.3424900953196,927.20314367217,1150,500
S5D1150,DSC_5114.JPG,1595.5989378695122,898.8363436403088,1150,500
S5D1150,DSC_5115.JPG,1499.1157383610025,865.8319980286833,1150,500
S5D1150,DSC_5116.JPG,1601.0221797844133,876.9286330514587,1150,500
S5D1150,DSC_5117.JPG,1607.1843528229765,864.4079054722915,1150,500
S5D1150,DSC_5118.JPG,1556.4237105999619,870.6804630416045,1150,500
S5D1150,DSC_5119.JPG,1516.8690379926484,915.3917008721546,1150,500
S5D1150,DSC_5120.JPG,1494.178146202914,820.8945672887821,1150,500
S5D1150,DSC_5121.JPG,1566.883148423367,930.9897838921788,1150,500
S5D1150,DSC_5122.JPG,1630.8900987198685,865.6391022065709,1150,500
S5D1150,DSC_5123.JPG,1580.8980150803145,945.5303605128574,1150,500
S5D1150,DSC_5124.JPG,1586.719467875937,878.5093241956147,1150,500
S5D1150,DSC_5125.JPG,1607.431815624037,833.5491650685199,1150,500
S5D1150,DSC_5126.JPG,1539.0866834613716,815.5987962516965,1150,500
S5D1150,DSC_5127.JPG,1606.9330228587423,721.287353591696,1150,500
S5D1150,DSC_5128.JPG,1590.505188949628,817.6253615316236,1150,500
S5D1150,DSC_5129.JPG,1643.0998555840597,809.2332113936,1150,500
S5D1150,DSC_5130.JPG,1654.6101727236346,914.4715421166202,1150,500
S5D1350,DSC_5088.JPG,1584.9246408165964,774.688608438636,1350,500
S5D1350,DSC_5089.JPG,1556.6982613642667,827.1370324734507,1350,500
S5D1350,DSC_5090.JPG,1556.0106548025415,572.3469027011361,1350,500
S5D1350,DSC_5091.JPG,1602.492272063333,738.6280788788245,1350,500
S5D1350,DSC_5092.JPG,1700.9359718221713,771.0546461596005,1350,500
S5D1350,DSC_5093.JPG,1710.285025915411,879.5934909931384,1350,500
S5D1350,DSC_5094.JPG,1660.4609767531147,888.3526477633714,1350,500
S5D1350,DSC_5095.JPG,1627.7498909387032,724.7443071912676,1350,500
S5D1350,DSC_5096.JPG,1660.7425668236574,842.5395149932865,1350,500
S5D1350,DSC_5097.JPG,1707.7318784534546,781.1208556563715,1350,500
S5D1350,DSC_5098.JPG,1692.1970206379265,817.8245190244079,1350,500
S5D1350,DSC_5099.JPG,1574.9136780846566,649.6901951610798,1350,500
S5D1350,DSC_5100.JPG,1751.3778403987817,807.3069464863584,1350,500
S5D1350,DSC_5101.JPG,1666.7074076141907,786.2974390310137,1350,500
S5D1350,DSC_5102.JPG,1665.0913611122633,766.335789774651,1350,500
S5D1350,DSC_5103.JPG,1427.8597127283842,467.1826210635927,1350,500
S5D1350,DSC_5104.JPG,1675.4722171107169,826.9980256573745,1350,500
S5D1350,DSC_5105.JPG,1642.0952663892895,774.7542593850449,1350,500
S5D1350,DSC_5106.JPG,1677.9872275717898,801.3034248362565,1350,500
S5D1350,DSC_5107.JPG,1664.5592252027382,760.0547090601403,1350,500
S5D1350,DSC_5108.JPG,1683.6953029844117,815.7413373319814,1350,500
S5D900,DSC_5132.JPG,1649.0902160873338,1066.018132160545,900,500
S5D900,DSC_5133.JPG,1636.0791188578478,1080.7861744802576,900,500
S5D900,DSC_5134.JPG,1637.5572127785417,1007.9561942356777,900,500
S5D900,DSC_5135.JPG,1564.181845841389,989.2528680437099,900,500
S5D900,DSC_5136.JPG,1662.1624038023474,1013.0153513978839,900,500
S5D900,DSC_5137.JPG,1620.4644941189763,1063.500417797557,900,500
S5D900,DSC_5138.JPG,1602.3678634637217,1011.4074998310316,900,500
S5D900,DSC_5139.JPG,1626.427927048262,996.7351440214043,900,500
S5D900,DSC_5140.JPG,1650.7287170851087,1062.161624878303,900,500
S5D900,DSC_5141.JPG,1629.5498504542375,1081.1000989641761,900,500
S5D900,DSC_5142.JPG,1707.981158999417,1074.7639700958825,900,500
S5D900,DSC_5143.JPG,1613.6296485405292,1044.6397657094349,900,500
S5D900,DSC_5144.JPG,1686.5038614261175,1017.6223045684856,900,500
S5D900,DSC_5145.JPG,1592.0861636675654,1132.4570717533716,900,500
S5D900,DSC_5146.JPG,1638.1778657363793,1103.6984797830664,900,500
S5D900,DSC_5147.JPG,1626.9396044171262,1063.5545113590779,900,500
S5D900,DSC_5148.JPG,1633.035625798082,1101.303725994796,900,500
S5D900,DSC_5149.JPG,1621.2729807166797,1087.932161241035,900,500
S5D900,DSC_5150.JPG,1658.845750018496,1013.8773482105898,900,500
S5D900,DSC_5151.JPG,1612.6091451673528,1113.2984959659152,900,500
S5D900,DSC_5152.JPG,1546.089545696048,1105.074183603123,900,500
S6D1150,DSC_5043.JPG,1593.6565170525464,1019.1761080305914,1150,600
S6D1150,DSC_5044.JPG,1630.8122921096547,1072.2738479949476,1150,600
S6D1150,DSC_5045.JPG,1540.0442786041185,1012.3885479358578,1150,600
S6D1150,DSC_5046.JPG,1689.5209615427484,1018.0740994491207,1150,600
S6D1150,DSC_5047.JPG,1673.6503377301888,998.5742114711775,1150,600
S6D1150,DSC_5048.JPG,1622.304640053666,973.2363099586764,1150,600
S6D1150,DSC_5049.JPG,1725.5234843857543,1001.362530012093,1150,600
S6D1150,DSC_5050.JPG,1658.6804421585912,977.7375534004404,1150,600
S6D1150,DSC_5051.JPG,1565.302904367596,1007.037058257567,1150,600
S6D1150,DSC_5052.JPG,1616.7376715443133,1047.0026997556342,1150,600
S6D1150,DSC_5053.JPG,1658.539460002521,1029.268602907152,1150,600
S6D1150,DSC_5054.JPG,1605.4073467920862,951.2034114131638,1150,600
S6D1150,DSC_5055.JPG,1655.918093643657,1034.73455274335,1150,600
S6D1150,DSC_5056.JPG,1676.0214612075542,976.1598624033941,1150,600
S6D1150,DSC_5057.JPG,1521.451608532465,999.101055486326,1150,600
S6D1150,DSC_5058.JPG,1557.583716983847,1063.1579464593233,1150,600
S6D1150,DSC_5059.JPG,1665.2908140626787,1069.931324040448,1150,600
S6D1150,DSC_5060.JPG,1655.5020260924284,1030.5325739757645,1150,600
S6D1150,DSC_5061.JPG,1644.1842651652587,1051.1904505528364,1150,600
S6D1150,DSC_5062.JPG,1597.6431524009859,943.8145945636097,1150,600
S6D1150,DSC_5063.JPG,1573.6263939155797,1003.0795914794107,1150,600
S6D1150,DSC_5064.JPG,1601.8100830942567,974.1129211243478,1150,600
S6D1350,DSC_5066.JPG,1648.1986656760237,825.2758275745509,1350,600
S6D1350,DSC_5067.JPG,1618.3123019761224,782.2570136396007,1350,600
S6D1350,DSC_5068.JPG,1717.183385639255,880.253568814016,1350,600
S6D1350,DSC_5069.JPG,1694.593360870549,856.9406529585322,1350,600
S6D1350,DSC_5070.JPG,1652.861769443407,814.4668657484854,1350,600
S6D1350,DSC_5071.JPG,1581.3018752270546,849.9759705423985,1350,600
S6D1350,DSC_5072.JPG,1632.8447269413227,864.8758375078341,1350,600
S6D1350,DSC_5073.JPG,1634.5054151195181,816.4849192474085,1350,600
S6D1350,DSC_5074.JPG,1621.175749185455,819.5156019451633,1350,600
S6D1350,DSC_5075.JPG,1574.8224878820765,783.3265888125461,1350,600
S6D1350,DSC_5076.JPG,1570.4623950614332,829.9138504504463,1350,600
S6D1350,DSC_5077.JPG,1695.7602818134728,884.2872666028197,1350,600
S6D1350,DSC_5078.JPG,1602.6121719427465,837.3516015176283,1350,600
S6D1350,DSC_5079.JPG,1676.8635939069718,865.5788492521206,1350,600
S6D1350,DSC_5080.JPG,1685.3471519324958,915.6366674293276,1350,600
S6D1350,DSC_5081.JPG,1562.3778053103397,788.9862072360211,1350,600
S6D1350,DSC_5082.JPG,1616.1620523253696,812.6919378073726,1350,600
S6D1350,DSC_5083.JPG,1672.390052419214,843.6024762055586,1350,600
S6D1350,DSC_5084.JPG,1623.8440204912004,783.4334349607434,1350,600
S6D1350,DSC_5085.JPG,1630.8733825951822,732.6355464039307,1350,600
S6D1350,DSC_5086.JPG,1705.851759951951,849.3090742053628,1350,600
S7D1150,DSC_5021.JPG,1581.426212542552,1105.8201292708181,1150,700
S7D1150,DSC_5022.JPG,1619.3047372294895,1042.4586587607846,1150,700
S7D1150,DSC_5023.JPG,1632.9991105107874,1088.1189885837666,1150,700
S7D1150,DSC_5024.JPG,1585.5645404851603,1085.5299070849906,1150,700
S7D1150,DSC_5025.JPG,1681.7182737301955,1101.9562579911253,1150,700
S7D1150,DSC_5026.JPG,1639.3463549298067,1045.4368047915414,1150,700
S7D1150,DSC_5027.JPG,1620.2470241087976,1104.7312576971453,1150,700
S7D1150,DSC_5028.JPG,1566.0636662511097,1114.2402694176708,1150,700
S7D1150,DSC_5029.JPG,1683.1117534078076,1062.6111923769931,1150,700
S7D1150,DSC_5030.JPG,1678.6303528465032,1028.0905451421313,1150,700
S7D1150,DSC_5031.JPG,1614.5894713118323,1049.7623805286858,1150,700
S7D1150,DSC_5032.JPG,1601.7396009267359,1057.0149179686268,1150,700
S7D1150,DSC_5033.JPG,1575.6732103172071,1147.160201799259,1150,700
S7D1150,DSC_5034.JPG,1651.9880578815755,1034.8086472856012,1150,700
S7D1150,DSC_5035.JPG,1614.6785586330552,1033.882283680363,1150,700
S7D1150,DSC_5036.JPG,1555.8443133229866,1033.0847900305125,1150,700
S7D1150,DSC_5037.JPG,1650.6663791275896,1004.2783093483904,1150,700
S7D1150,DSC_5038.JPG,1643.389696790775,1005.9531414723024,1150,700
S7D1150,DSC_5039.JPG,1543.6031023435808,1087.5116860779526,1150,700
S7D1150,DSC_5040.JPG,1588.2737645142843,1095.8884150052654,1150,700
S7D1150,DSC_5041.JPG,1536.0559324369478,1137.8682916332073,1150,700
S7D1350,DSC_4997.JPG,1594.6171774121867,1089.0609438626198,1350,700
S7D1350,DSC_4998.JPG,1665.9638430231316,904.8914587293402,1350,700
S7D1350,DSC_4999.JPG,1615.777920057124,995.8477823285903,1350,700
S7D1350,DSC_5000.JPG,1679.3678226458323,906.2469342847944,1350,700
S7D1350,DSC_5001.JPG,1635.500683916409,952.5377041117536,1350,700
S7D1350,DSC_5002.JPG,1602.805369712176,923.6104675084716,1350,700
S7D1350,DSC_5003.JPG,1679.7314250893032,1012.3751381874135,1350,700
S7D1350,DSC_5004.JPG,1685.0886222727677,966.8488149353252,1350,700
S7D1350,DSC_5005.JPG,1639.5667297676227,967.1900589406505,1350,700
S7D1350,DSC_5006.JPG,1515.4520078259393,871.2931749035706,1350,700
S7D1350,DSC_5007.JPG,1656.0043117792993,950.4438741699269,1350,700
S7D1350,DSC_5008.JPG,1606.5755508490583,857.4340407877316,1350,700
S7D1350,DSC_5009.JPG,1548.7087022473843,888.8307393879895,1350,700
S7D1350,DSC_5010.JPG,1614.9962541072382,961.8141817029009,1350,700
S7D1350,DSC_5011.JPG,1546.0000663121991,900.8356689481843,1350,700
S7D1350,DSC_5012.JPG,1624.333118617018,916.2006269007634,1350,700
S7D1350,DSC_5013.JPG,1566.7101240581433,838.3207172191778,1350,700
S7D1350,DSC_5014.JPG,1603.0975989367034,904.0401897153897,1350,700
S7D1350,DSC_5015.JPG,1597.5760384078421,954.0598923872731,1350,700
S7D1350,DSC_5016.JPG,1583.5487148520078,997.0537960098591,1350,700
S7D1350,DSC_5017.JPG,1569.8676895210192,976.6748876572019,1350,700
S7D1350,DSC_5018.JPG,1568.6142653059978,956.5226267816397,1350,700
S7D1350,DSC_5019.JPG,1716.2442530819826,908.5588431017441,1350,700
S8D1150,DSC_4953.JPG,1638.7224585447912,1186.4018987084346,1150,800
S8D1150,DSC_4954.JPG,1656.0157528795644,1120.0094613958063,1150,800
S8D1150,DSC_4955.JPG,1676.3269492772488,1107.8614111814531,1150,800
S8D1150,DSC_4956.JPG,1621.7052119407126,1150.5251849800516,1150,800
S8D1150,DSC_4957.JPG,1611.441707414604,1187.1967104085961,1150,800
S8D1150,DSC_4958.JPG,1621.0354976915514,1187.175800292378,1150,800
S8D1150,DSC_4959.JPG,1701.7812232015676,1027.7365732399776,1150,800
S8D1150,DSC_4960.JPG,1629.0177501867693,1116.3756468512875,1150,800
S8D1150,DSC_4961.JPG,1621.6344268157081,1201.2291712051738,1150,800
S8D1150,DSC_4962.JPG,1638.468277216005,1145.4383446422435,1150,800
S8D1150,DSC_4963.JPG,1607.69718855869,1171.5984910182488,1150,800
S8D1150,DSC_4964.JPG,1703.3239896345076,1160.5371759091722,1150,800
S8D1150,DSC_4965.JPG,1640.672560225019,1124.3315824180972,1150,800
S8D1150,DSC_4966.JPG,1648.1334050698388,1147.8911467314065,1150,800
S8D1150,DSC_4967.JPG,1624.2305229562298,1132.4458893868723,1150,800
S8D1150,DSC_4968.JPG,1684.851798625692,1092.6930310497119,1150,800
S8D1150,DSC_4969.JPG,1603.3472359032348,1149.9915679055193,1150,800
S8D1150,DSC_4970.JPG,1643.3898037169456,1167.2246856434795,1150,800
S8D1150,DSC_4971.JPG,1694.0733432603702,1099.8419725008243,1150,800
S8D1150,DSC_4972.JPG,1610.416944815628,1152.8639814790513,1150,800
S8D1350,DSC_4974.JPG,1611.5122430452102,1026.429054581502,1350,800
S8D1350,DSC_4975.JPG,1549.3592945330183,1046.284573633864,1350,800
S8D1350,DSC_4976.JPG,1549.1035805957854,1000.5571496118864,1350,800
S8D1350,DSC_4977.JPG,1592.6512684797235,1065.5283354165222,1350,800
S8D1350,DSC_4978.JPG,1563.2084969094922,1003.025975214021,1350,800
S8D1350,DSC_4979.JPG,1652.4640397304538,1047.4749047279693,1350,800
S8D1350,DSC_4980.JPG,1615.1293950107902,1059.1693417907118,1350,800
S8D1350,DSC_4981.JPG,1604.1773037663916,959.8586085403731,1350,800
S8D1350,DSC_4982.JPG,1653.6047994036126,992.3263823871312,1350,800
S8D1350,DSC_4983.JPG,1637.409993262514,1040.565202280457,1350,800
S8D1350,DSC_4984.JPG,1585.043239760933,994.7951852608785,1350,800
S8D1350,DSC_4985.JPG,1579.3423462227765,947.8587928672969,1350,800
S8D1350,DSC_4986.JPG,1534.1715190675877,863.7350770261983,1350,800
S8D1350,DSC_4987.JPG,1550.8372280644562,1050.4175035611552,1350,800
S8D1350,DSC_4988.JPG,1550.227552860144,1012.2310402126059,1350,800
S8D1350,DSC_4989.JPG,1647.3371971607376,1036.3176758249356,1350,800
S8D1350,DSC_4990.JPG,1595.3987364359018,931.1464506651046,1350,800
S8D1350,DSC_4991.JPG,1570.3018097740678,1008.1221569189656,1350,800
S8D1350,DSC_4992.JPG,1555.7256252735078,1037.1011233315003,1350,800
S8D1350,DSC_4993.JPG,1627.8643197623824,1042.2046463055085,1350,800
S8D1350,DSC_4994.JPG,1656.3246625867214,1062.3834539373129,1350,800
S9D1150,DSC_5154.JPG,1608.2864052223413,1234.1490581299877,1150,900
S9D1150,DSC_5155.JPG,1608.8788118500852,1164.2470850940153,1150,900
S9D1150,DSC_5156.JPG,1620.742876404398,1191.132767046016,1150,900
S9D1150,DSC_5157.JPG,1588.7350261936626,1202.6050568523278,1150,900
S9D1150,DSC_5158.JPG,1607.979188512887,1197.231020613941,1150,900
S9D1150,DSC_5159.JPG,1601.50450591942,1254.4062332408357,1150,900
S9D1150,DSC_5160.JPG,1607.2047400795236,1257.5998443821882,1150,900
S9D1150,DSC_5161.JPG,1590.6297935805524,1216.2779091067277,1150,900
S9D1150,DSC_5162.JPG,1631.818467375957,1217.7097520431525,1150,900
S9D1150,DSC_5163.JPG,1635.8552510984555,1234.699812408464,1150,900
S9D1150,DSC_5164.JPG,1625.1847321035712,1276.7024174235994,1150,900
S9D1150,DSC_5165.JPG,1618.1803372604481,1226.941159242495,1150,900
S9D1150,DSC_5166.JPG,1595.0792053957884,1221.1914227637972,1150,900
S9D1150,DSC_5167.JPG,1613.6797256304744,1171.6584485036656,1150,900
S9D1150,DSC_5168.JPG,1622.3755142838127,1158.682721341269,1150,900
S9D1150,DSC_5169.JPG,1612.2369351671405,1210.9898316287072,1150,900
S9D1150,DSC_5170.JPG,1636.0667688851318,1203.048987710994,1150,900
S9D1150,DSC_5171.JPG,1616.1908511073452,1246.9839602053326,1150,900
S9D1150,DSC_5172.JPG,1611.1998760585338,1234.6992214703969,1150,900
S9D1150,DSC_5173.JPG,1674.6309219996365,1204.1973167455653,1150,900
S9D1150,DSC_5174.JPG,1620.3200012203015,1255.5487438082855,1150,900
S9D1150,DSC_5175.JPG,1626.5898310917328,1234.1611496319747,1150,900
S9D1150,DSC_5176.JPG,1624.0807193910769,1211.1729769727135,1150,900
S9D1350,DSC_5178.JPG,1712.776013630133,1107.5899433248123,1350,900
S9D1350,DSC_5179.JPG,1621.1708662236597,1007.2036573356963,1350,900
S9D1350,DSC_5180.JPG,1533.5362706874494,1118.051592666172,1350,900
S9D1350,DSC_5181.JPG,1609.3968335050777,1081.4942546548882,1350,900
S9D1350,DSC_5182.JPG,1671.681363580832,971.3722640113774,1350,900
S9D1350,DSC_5183.JPG,1535.1211214790746,1102.9999000742828,1350,900
S9D1350,DSC_5184.JPG,1661.3450245114473,1103.4061927237562,1350,900
S9D1350,DSC_5185.JPG,1598.1235004018345,1068.0722783383317,1350,900
S9D1350,DSC_5186.JPG,1624.9232619741488,1060.7779206659543,1350,900
S9D1350,DSC_5187.JPG,1566.5526574507567,1111.8237872912432,1350,900
S9D1350,DSC_5188.JPG,1699.3232400315355,1105.354470073995,1350,900
S9D1350,DSC_5189.JPG,1699.7074970469803,1039.4024179916305,1350,900
S9D1350,DSC_5190.JPG,1621.926549114065,987.0280998632606,1350,900
S9D1350,DSC_5191.JPG,1750.1831899355893,1032.6536779822236,1350,900
S9D1350,DSC_5192.JPG,1654.439768049593,1112.0673901451846,1350,900
S9D1350,DSC_5193.JPG,1627.3503613018765,1056.1145101815637,1350,900
S9D1350,DSC_5194.JPG,1637.6867538343467,1043.6595358265477,1350,900
S9D1350,DSC_5195.JPG,1629.9119024682332,932.9374930327376,1350,900
S9D1350,DSC_5196.JPG,1600.13675980689,996.8415356018577,1350,900
S9D1350,DSC_5197.JPG,1547.4708536112284,1088.7816574407843,1350,900
S9D1350,DSC_5198.JPG,1612.3799667414823,1031.65462899474,1350,900
S9D1350,DSC_5199.JPG,1729.8065547214355,982.6829549847425,1350,900
S9D1350,DSC_5200.JPG,1706.7628778524995,1027.2626863669902,1350,900
S9D1350,DSC_5201.JPG,1532.9224520940224,1032.2357938552814,1350,900
S9D1350,DSC_5202.JPG,1615.7129624084228,1065.538517733985,1350,900
S9D1550,DSC_5204.JPG,1544.562533052258,1166.6969779496176,1550,900
S9D1550,DSC_5205.JPG,1536.6213758486465,1065.6177943485163,1550,900
S9D1550,DSC_5206.JPG,1536.658639619136,1096.7786404748658,1550,900
S9D1550,DSC_5207.JPG,1505.6635049921442,1085.314214690523,1550,900
S9D1550,DSC_5208.JPG,1594.891068798439,1081.5425752060619,1550,900
S9D1550,DSC_5209.JPG,1633.201414825755,1038.4943734664703,1550,900
S9D1550,DSC_5210.JPG,1525.2204352711851,1052.9293540002473,1550,900
S9D1550,DSC_5211.JPG,1523.0590563881651,1074.0569808838372,1550,900
S9D1550,DSC_5212.JPG,1641.1291527949434,1060.0637492835558,1550,900
S9D1550,DSC_5213.JPG,1522.678310115325,1080.1251875238922,1550,900
S9D1550,DSC_5214.JPG,1623.741692145839,1073.1182530359656,1550,900
S9D1550,DSC_5215.JPG,1613.6359215425437,1087.4228180840255,1550,900
S9D1550,DSC_5216.JPG,1615.8916003976083,1036.717377242123,1550,900
S9D1550,DSC_5217.JPG,1493.6987159850305,1053.234278042837,1550,900
S9D1550,DSC_5218.JPG,1520.9223863610914,1075.9003894555644,1550,900
S9D1550,DSC_5219.JPG,1510.2754000342757,1073.1054342255884,1550,900
S9D1550,DSC_5220.JPG,1559.7653138236437,1048.641598299393,1550,900
S9D1550,DSC_5221.JPG,1515.9063905883359,1037.6416952925138,1550,900
S9D1550,DSC_5222.JPG,1506.2860826210544,1044.536715201899,1550,900
S9D1550,DSC_5223.JPG,1647.7087656039257,1057.0776937740557,1550,900
S9D1550,DSC_5224.JPG,1508.0653697435864,1100.2276732315004,1550,900
S9D1550,DSC_5225.JPG,1567.5722163094251,1045.5001260782628,1550,900
S9D1550,DSC_5226.JPG,1582.6769814243344,1041.1474126468092,1550,900
S9D1550,DSC_5227.JPG,1607.902166027925,1038.1448108714321,1550,900
